,Bitcoin,Ethereum
Bitcoin,1.0,0.8137622414978101
Ethereum,0.8137622414978101,0.9999999999999998
