,Russell 2000 ETF,Bitcoin
Russell 2000 ETF,1.0,-0.04217354135576009
Bitcoin,-0.04217354135576009,1.0
