,S&P 500 SPDR,Bitcoin
S&P 500 SPDR,1.0,-0.08125709054481736
Bitcoin,-0.08125709054481735,1.0
