,S&P 500 SPDR,Russell 2000 ETF
S&P 500 SPDR,1.0,0.8646885029285398
Russell 2000 ETF,0.8646885029285398,1.0
